abraham	n	
absent	a,v	
absorb	v	
absurd	a,n	
academy	n	
accent	n,v	
acid	a,n	
acrobat	n	
action	n,v	
active	a,n	
actor	n	
adak	p	islands
adam	n	
address	n,v	
adios	n	
admiral	n	
adrian	n	
africa	n	
agatha	p	
agenda	n	
agent	n	
airline	n	
airport	n	
alabama	n	
aladdin	n	
alamo	n	
alarm	n,v	
alaska	n	
albert	n	
albino	n	
album	n	
alcatraz	p	islands
alcohol	n	
alert	a,n,v	
alex	p	
alfonso	p	
alfred	n	
algebra	n	
alias	n	
alibi	n,v	
alice	p	
alien	a,n,v	
almanac	n	
almond	n	
aloha	n	
alpha	a,n	
alpine	a	mountains
alvord	p	deserts
amadeus	p	
amanda	p	
amargosa	p	deserts
amazon	n	rivers
amber	a,n	
ambient	a	
amelia	n	islands
america	n	
amigo	n	
ammonia	n	
anagram	n,v	
analog	a,n	
analyze	v	
anatomy	n	
andrea	p	
android	n	
andy	p	
angel	n	
animal	a,n	
anita	p	
annex	n,v	
annual	a,n	
answer	n,v	
antelope	n	canyons
antenna	n	
antonio	p	
anvil	n	
apatite	n	minerals
apollo	n	
appear	v	
apple	n	
april	n	
apropos	a	
arcade	n	
archer	n	
archive	n,v	
arctic	a,n	
arena	n	
ariel	p	moons
arizona	n	
arkansas	n	rivers
armada	n	
armani	p	
armor	n,v	
arnold	n	
aroma	n	
arrow	n	
arsenal	n	
arthur	n	
artist	n	
asia	n	
aspect	n	
aspirin	n	
athena	n	
athlete	n	
atlanta	n	
atlas	n	
atomic	a	
audio	n	
august	a,n	
aurora	n	
austin	n	
austria	n	
avalon	p	
avatar	n	
avenue	n	
average	a,n,v	
axiom	n	
axis	n	
aztec	n	
baboon	n	
baby	n,v	
bagel	n	
baggage	n	
bahama	p	
baker	n	
balance	n,v	
baldur	p	norse
bali	n	islands
ballad	n	
ballet	n	
balloon	n,v	
balsa	n	
bambino	n	
bamboo	n	
banana	n	
bandit	n	
banjo	n	
bank	n,v	
barbara	p	
barcode	p	
barite	n	minerals
baron	n	
basic	a,n	
basil	n	
basket	n	
battery	n	
bazaar	n	
bazooka	n	
beach	n,v	
beast	n	
beatles	n	
beauty	n	
before	n	
begin	n,v	
belgium	n	
benefit	n,v	
benny	n	
berlin	n	
bermuda	n	
bernard	n	
berthoud	p	passes
beryl	n	minerals
betty	p	
between	n	
beyond	n	
bicycle	n,v	
bierstadt	p	mountains
bikini	n	
billy	n	
binary	a,n	
bingo	n	
biology	n	
biscuit	n	
bishop	n	
bison	n	
blanca	p	mountains
blast	n,v	
bless	v	
blitz	n,v	
block	n,v	islands
blonde	a,n	
blue	a,n,v	
bogart	n	
bombay	n	
bonanza	n	
bonjour	p	
bonus	n	
book	n,v	
border	n,v	
boris	p	
borrego	p	deserts
boston	n	
botanic	a	
bottle	n,v	
boxer	n	
bragi	n	norse
brain	n,v	
brandy	n	
brave	a,n,v	
bravo	n,v	
brazil	n	
brazos	n	rivers
bread	n,v	
break	n,v	
brenda	p	
bridge	n,v	
brigade	n,v	
british	a,n	
broken	a,v	
bronze	a,n,v	
brother	n	
brown	a,n,v	
bruce	n	
bruno	n	
brush	n,v	
bryce	p	canyons
bucket	n,v	
buckskin	n	canyons
budget	n,v	
buenos	p	
buffalo	n,v	
bundle	n,v	
burger	n	
burma	n	
button	n,v	
buzzard	n	raptors
buzzer	n	
byte	n	
cabaret	n	
cabinet	n	
cable	n,v	
cactus	n	
cadet	n	
caesar	n	
cafe	n	
cairo	n	
cake	n,v	
calcite	n	minerals
calibre	n	
callisto	n	moons
calypso	n	
camel	n	
camera	n	
camilla	p	
campus	n	
canada	n	
canal	n,v	
canary	a,n	
candid	a	
candle	n,v	
cannon	n,v	
canoe	n,v	
cantina	p	
canvas	n,v	
canyon	n	canyons
capital	a,n	
capsule	n,v	
caracara	n	raptors
caramel	a,n	
caravan	n,v	
carbon	n	minerals
career	n,v	
cargo	n	
carlo	p	
carmen	p	
carol	n,v	
carpet	n,v	
carrot	n	
cartel	n	
cartoon	n,v	
casino	n	
castle	n,v	
castro	n	
catalina	p	islands
catalog	n,v	
cave	n,v	
caviar	n	
cecilia	p	
cello	n	
celtic	a,n	
cement	n,v	
center	a,n,v	
century	n	
ceramic	a,n	
chamber	n,v	
chance	a,n,v	
change	n,v	
channel	n,v	
chant	n,v	
chaos	n	
chapter	n	
chariot	n,v	
charlie	p	
charm	n,v	
charon	n	moons
charter	n,v	
cheese	n,v	
chef	n	
chemist	n	
cherry	a,n	
chess	n	
chicago	n	
chicken	a,n	
chief	a,n	
chihuahua	n	deserts
child	n	
china	n	
chinook	n	passes
choice	a,n	
chris	p	
chrome	n,v	
cigar	n	
cinema	n	
cipher	n,v	
circle	n,v	
circus	n	
citizen	n	
citrus	n	
city	n	
civil	a	
clara	p	
clarion	a,n,v	
clark	n	
classic	a,n	
claudia	p	
clean	a,n,v	
clever	a	
client	n	
cliff	n	
climax	n,v	
clinic	n	
clock	n,v	
clone	n,v	
cloud	n,v	
club	n,v	
cobalt	n	minerals
cobra	n	
cockpit	n	
coconut	n	
cola	n	
collect	a,n,v	
colombo	n	
colony	n	
color	a,n,v	
colorado	n	rivers
columbia	n	rivers
combat	n,v	
combine	n,v	
comedy	n	
comet	n	
command	n,v	
common	a,n	
compact	a,n,v	
company	n,v	
complex	a,n	
comrade	n	
conan	p	
concert	n,v	
condor	n	raptors
conduct	n,v	
confide	v	
congo	n	
connect	v	
consul	n	
contact	n,v	
context	n	
contour	n,v	
control	n,v	
convert	n,v	
cool	a,n,v	
copper	n,v	minerals
copy	n,v	
coral	a,n	minerals
corner	n,v	
corona	n	
coronado	p	islands
correct	a,v	
cosmos	n	
costume	n,v	
cotton	n,v	
couple	n,v	
courage	n	
cover	n,v	
cowboy	n	
crack	a,n,v	
craft	n,v	
crash	n,v	
crater	n	
credit	n,v	
cricket	n,v	
crimson	a,n,v	
critic	n	
crown	n,v	
crystal	n	minerals
cuba	n	islands
cubic	a	
culture	n,v	
cupid	n	
current	a,n	
cycle	n,v	
cyclone	n	
dallas	n	
dance	n,v	
daniel	n	
danube	n	rivers
darwin	n	
data	n	
david	n	
deal	n,v	
decade	n	
decide	v	
decimal	a,n	
declare	v	
define	v	
degree	n	
deimos	n	moons
delete	v	
deliver	v	
delphi	n	
delta	n	
deluxe	a	
demand	n,v	
demo	n,v	
denali	n	mountains
denmark	n	
denver	n	
depend	v	
deposit	n,v	
derby	n	
desert	n,v	
design	n,v	
desire	n,v	
detail	n,v	
detect	v	
develop	v	
dexter	a	
diagram	n,v	
dialog	n	
diamond	n	
diana	n	
diego	p	
diesel	n	
diet	n,v	
digital	a	
dilemma	n	
dinner	n	
diploma	n	
direct	a,v	
disco	n,v	
disney	n	
dispute	n,v	
distant	a	
divide	n,v	
doctor	n,v	
dolby	n	
dollar	n	
dolphin	n	
domain	n	
domino	n	
donald	p	
donner	p	passes
donor	n	
door	n	
double	a,n,v	
dragon	n	
drama	n	
dream	n,v	
drink	n,v	
driver	n	
druid	n	
drum	n,v	
dublin	n	
duet	n	
dynamic	a,n	
dynasty	n	
eagle	n,v	raptors
earth	n,v	
east	a,n	
easy	a	
echo	n,v	
eclipse	n,v	
ecology	n	
economy	n	
eddie	p	
edgar	n	
edison	n	
edition	n	
editor	n	
educate	v	
edward	n	
effect	n,v	
ego	n	
egypt	n	
elastic	a,n	
elbert	p	mountains
electra	n	
elegant	a	
element	n	
elite	a,n	
elvis	n	
email	n,v	
emerald	n	
emotion	n	
empire	n	
empty	a,n,v	
enceladus	p	moons
energy	n	
engine	n	
english	a,n	
enigma	n	
enjoy	v	
enrico	p	
episode	n	
epoxy	n,v	
equal	a,n,v	
equator	n	
eric	p	
erosion	n	
escalante	p	deserts
escape	n,v	
escort	n,v	
eternal	a	
ethnic	a,n	
europa	n	moons
europe	n	
evans	n	mountains
evening	n,v	
event	n	
everest	n	mountains
evident	a	
evita	p	
exact	a,v	
example	n	
except	v	
exhibit	n,v	
exile	n,v	
exit	n,v	
exodus	n	
exotic	a	
expand	v	
explain	v	
explore	v	
export	n,v	
express	a,n,v	
extend	v	
extra	a,n	
extreme	a,n	
fabric	n	
factor	n,v	
falcon	n,v	raptors
fame	n	
family	n	
famous	a	
fantasy	n,v	
farmer	n	
fashion	n,v	
fast	a,n,v	
father	n,v	
fax	n,v	
feldspar	n	minerals
felix	p	
fern	n	canyons
ferrari	p	
fiber	n	
fiction	n	
fidel	p	
field	n,v	
fiesta	n	
figure	n,v	
film	n,v	
filter	n,v	
final	a,n	
finance	n,v	
finish	n,v	
finland	n	
fiona	p	
fire	n,v	
first	a,n	
fish	n,v	
flag	n,v	
flame	n,v	
flash	a,n,v	
flex	n,v	
flipper	n	
float	n,v	
flood	n,v	
floor	n,v	
florida	n	
flower	n,v	
fluid	a,n	
flute	n,v	
focus	n,v	
folio	n	
food	n	
forbid	v	
ford	n,v	
forest	n,v	
forever	n	
forget	v	
formal	a,n	
formula	n	
forseti	n	norse
fortune	n	
forum	n	
forward	a,n,v	
fossil	a,n	
fractal	n	
fragile	a	
frame	n,v	
france	n	
frank	a,n,v	
freddie	p	
freedom	n	
fremont	n	passes
fresh	a	
freya	n	norse
friday	n	
friend	n	
frigg	n	norse
frog	n,v	
front	a,n,v	
frozen	a,v	
fruit	n,v	
fuel	n,v	
fuji	n	
future	a,n	
gabriel	n	
galaxy	n	
galena	n	minerals
galileo	n	
gallery	n	
gallop	n,v	
game	a,n,v	
gamma	n	
ganymede	n	moons
garage	n,v	
garbo	n	
garcia	p	
garden	n,v	
garlic	n	
garnet	n	minerals
gate	n,v	
gelatin	n	
gemini	n	
general	a,n,v	
genesis	n	
genetic	a	
geneva	n	
genius	n	
gentle	a,v	
genuine	a	
george	n	
germany	n	
giant	a,n	
gibson	n	
gila	n	rivers
gilbert	n	
ginger	a,n,v	
giraffe	n	
gizmo	n	
glacier	n	passes
glass	n,v	
global	a	
gloria	p	
goblin	n	
gold	a,n	
golf	n,v	
gondola	n	
gong	n,v	
good	a,n	
gopher	n	
gordon	p	
gorilla	n	
goshawk	n	raptors
gossip	n,v	
grace	n,v	
gram	n	
grand	a,n	
granite	n	minerals
graph	n,v	
gravity	n	
gray	a,n,v	
greek	a,n	
green	a,n,v	
gregory	n	
grid	n	
griffin	n	
grille	n	
ground	n,v	
group	n,v	
guest	n	
guide	n,v	
guitar	n	
guru	n	
gustav	p	
gypsum	n	minerals
gyro	n	
habitat	n	
hair	n	
halt	a,n,v	
hamlet	n	
hammer	n,v	
hand	n,v	
happy	a	
harbor	n,v	
harlem	n	
harmony	n	
harrier	n	raptors
harris	n	
harvard	n	mountains
harvest	n,v	
havana	n	
havasu	p	canyons
hawaii	n	islands
hawk	n,v	raptors
hazard	n,v	
heart	n	
heaven	n	
heavy	a,n	
heimdall	n	norse
helena	n	
helium	n	
hello	n	
henry	n	
herbert	n	
herman	n	
heroic	a,n	
hexagon	n	
hilton	p	islands
hippie	n	
history	n	
hobby	n	raptors
holiday	n,v	
honey	a,n,v	
hood	n,v	mountains
hoosier	n	passes
hope	n,v	
horizon	n	
horse	n,v	
hostel	n	
hotel	n	
house	n,v	
human	a,n	
humor	n,v	
hunter	n	
husband	n,v	
hydro	p	
hyperion	n	moons
ibiza	p	islands
iceberg	n	
icon	n	
idea	n	
idiom	n	
idun	n	norse
igloo	n	
igor	p	
image	n,v	
imagine	v	
imitate	v	
immune	a,n	
impact	n,v	
import	n,v	
impress	n,v	
inca	n	
inch	n,v	
include	v	
index	n,v	
india	n	
indigo	a,n	
infant	n	
info	n	
ingrid	p	
initial	a,n,v	
input	n,v	
insect	n	
inside	a,n	
instant	a,n	
invent	v	
invest	v	
invite	n,v	
io	n	moons
iris	n	
ironic	a	
isabel	p	
isotope	n	
italian	a,n	
ivan	p	
ivory	n	
jacket	n,v	
jackson	n	
jacob	n	
jaguar	n	
jamaica	n	islands
james	n,v	
janet	p	
japan	n,v	
jargon	n	
jasmine	n	
jason	n	
java	n	
jazz	n,v	
jeep	n	
jerome	n	
jessica	p	
jester	n	
jet	a,n,v	
jimmy	n,v	
job	n,v	
joel	n	
john	n	
join	n,v	
joker	n	
jordan	n	
jornada	p	deserts
joseph	n	
joshua	n	
journal	n	
judge	n,v	
judo	n	
juice	n	
juliet	p	
julius	p	
july	n	
jumbo	a	
jump	n,v	
june	n	
juneau	n	islands
jungle	n	
junior	a,n	
jupiter	n	
justice	n	
kansas	n	
karakum	p	deserts
karate	n	
karl	p	
karma	n	
kayak	n,v	
kenosha	p	passes
kermit	p	
kestrel	n	raptors
kevin	p	
kiawah	p	islands
kilo	n	
kimono	n	
kinetic	a	
king	n	
kitchen	n	
kite	n,v	raptors
kiwi	n	
koala	n	
kodiak	n	islands
korea	n	
labor	n,v	
ladder	n,v	
lady	n	
lagoon	n	
lake	n	
laptop	n	
laser	n	
latin	a,n	
laura	p	
lava	n	
lazarus	n	
learn	v	
lecture	n,v	
left	a,n,v	
legacy	n	
legal	a	
legend	n	
lemon	n	
leonid	p	
leopard	n	
lesson	n	
letter	n,v	
level	a,n,v	
lexicon	n	
liberal	a,n	
libra	n	
license	n,v	
life	n	
light	a,n,v	
lily	n	
lima	n	
limbo	n	
limit	n,v	
lincoln	n	mountains
linda	p	
linear	a	
lion	n	
liquid	a,n	
list	n,v	
liter	n	
lithium	n	
little	a,n	
llama	n	
lobby	n,v	
lobster	n	
local	a,n	
locate	v	
logan	n	passes
logic	n	
logo	n	
loki	n	norse
lola	p	
london	n	
longs	v	mountains
lopez	p	
lorenzo	p	
lotus	n	
love	n,v	
loveland	p	passes
loyal	a	
lucas	n	
lucky	a	
lunar	a	
lunch	n,v	
machine	n,v	
macro	a,n	
madam	n	
madonna	n	
madrid	n	
maestro	n	
magenta	a,n	
magic	a,n	
magnet	n	
magnum	n	
mailbox	n	
major	a,n,v	
malta	n	islands
mama	n	
mambo	n,v	
mammal	n	
manager	n	
mango	n	
manila	n	
manual	a,n	
marble	n,v	canyons
marco	p	
margin	n	
margo	p	
marina	n	
marion	p	
market	n,v	
mars	n,v	
martin	n	
marvin	p	
mary	n	
mask	n,v	
massive	a	mountains
master	a,n,v	
match	n,v	
matrix	n	
maximum	a,n	
maxwell	n	
mayday	n	
mayor	n	
maze	n	
meaning	a,n,v	
media	n	
medical	a,n	
medusa	n	
mega	p	
melody	n	
melon	n	
member	n	
memo	n	
memphis	n	
mental	a	
mentor	n,v	
menu	n	
mercury	n	
mercy	n	
merlin	n	raptors
message	n,v	
metal	a,n,v	
meteor	n	
meter	n,v	
method	n	
metro	n	
mexico	n	
miami	n	
mica	n	minerals
michael	n	
micro	a	
middle	a,n,v	
miguel	p	
mike	n	
milan	n	
mile	n	
milk	n,v	
miller	n	
million	a,n	
mimic	a,n,v	
mimosa	n	
mineral	a,n	
minimum	a,n	
minus	a,n	
minute	a,n	
miracle	n	
mirage	n	
miranda	p	moons
mirror	n,v	
mission	n	
missouri	n	rivers
mister	n	
mixer	n	
mobile	a,n	
model	a,n,v	
modem	n	
modern	a,n	
modest	a	
modular	a	
mojave	n	deserts
moment	n	
monaco	n	
monarch	n	passes
monday	n	
money	n	
monica	p	
monitor	n,v	
monkey	n,v	
mono	a,n	
monster	n	
montana	n	mountains
moral	a,n	
morgan	n	
morning	n	
morph	v	
morris	n	
moses	n	
motel	n	
mother	n,v	
motif	n	
motor	a,n,v	
mouse	n,v	
mozart	n	
multi	p	
museum	n	
music	n	
mustang	n	
mystery	n	
mystic	a,n	
nadia	p	
namib	p	deserts
nancy	n	
nantucket	n	islands
natasha	p	
native	a,n	
nato	n	
natural	a,n	
navy	n	
nebula	n	
neches	p	rivers
nectar	n	
needle	n,v	
nelson	n	
neon	n	
nepal	n	
neptune	n	
nerve	n,v	
network	n,v	
neuron	n	
neutral	a,n	
nevada	n	
never	n	
news	n	
newton	n	
next	a	
nice	a,n	
nickel	n,v	minerals
night	n	
nikita	p	
nina	n	
ninja	n	
nirvana	n	
nissan	n	
nitro	p	
nixon	n	
njord	n	norse
nobel	n	
nobody	n	
noise	n,v	
nominal	a,n	
normal	a,n	
north	a,n	
norway	n	
nothing	n	
nova	n	
novel	a,n	
nuclear	a	
nueces	p	rivers
null	a,n	
number	n,v	
numeric	a	
nurse	n,v	
nylon	n	
oak	n	canyons
oasis	n	
oberon	p	moons
object	n,v	
obscure	a,v	
observe	v	
ocean	n	
octavia	p	
october	n	
octopus	n	
odin	n	norse
office	n	
ohio	n	
olga	p	
oliver	n	
olivia	p	
olivine	n	minerals
olympic	a	
omega	n	
open	a,n,v	
opera	n	
opinion	n	
optic	a,n	
optimal	a	
option	n	
opus	n	
orange	a,n	
orbit	n,v	
orca	n	
orchid	n	
order	n,v	
oregano	n	
organic	a,n	
orient	n,v	
origami	n	
origin	n	
orinoco	n	
orion	n	
orlando	n	
oscar	n	
osprey	n	raptors
othello	n	
outside	a,n	
oval	a,n	
owner	n	
oxford	n	
oxygen	n	
ozone	n	
pablo	p	
pacific	a,n	
package	n,v	
padre	n	islands
page	n,v	
pagoda	n	
paint	n,v	
painted	a,v	deserts
palace	n	
palma	p	
pamela	p	
panama	n	
pancake	n	
panda	n	
pandora	n	
panel	n,v	
panic	n,v	
panther	n	
papa	n	
paper	n,v	
paprika	n	
paradox	n	
pardon	n,v	
parent	n,v	
paria	p	canyons
paris	n	
parker	n	
parking	n,v	
parlor	n	
parody	n,v	
parole	n,v	
partner	n,v	
passage	n	
passive	a,n	
pasta	n	
pastel	a,n	
patent	a,n,v	
patient	a,n	
patriot	n	
patrol	n,v	
pattern	n,v	
paul	n	
peace	n	
pearl	n,v	
pecos	n	rivers
pedro	p	
pegasus	n	
pelican	n	
pencil	n,v	
penguin	n	
people	n,v	
pepper	n,v	
percent	n	
perfect	a,n,v	
perform	v	
perfume	n,v	
period	n	
permit	n,v	
person	n	
peru	n	
phantom	a,n	
philips	n	
phobos	n	moons
phoenix	n	
phone	n,v	
photo	n	
phrase	n,v	
piano	a,n	
picasso	n	
picnic	n,v	
picture	n,v	
pierre	n	
pigment	n,v	
pikes	n	mountains
pilgrim	n	
pilot	n,v	
pinball	n	
pioneer	n,v	
pirate	n,v	
pixel	n	
pizza	n	
place	n,v	
planet	n	
plasma	n	
plastic	a,n	
plate	n,v	
plato	n	
platte	n	rivers
plaza	n	
plume	n,v	
pluto	n	
pocket	n,v	
podium	n	
poem	n	
poetic	a	
pogo	p	
point	n,v	
poker	n	
polaris	n	
police	n,v	
politic	a	
polka	n,v	
polo	n	
polygon	n	
poncho	n	
pony	n	
popcorn	n	
popular	a	
portal	n	
postage	n	
potato	n	
powder	n,v	
prague	n	
precise	a	
prefer	v	
prefix	n,v	
prelude	n,v	
premium	a,n	
prepare	v	
present	a,n,v	
press	n,v	
presto	a	
pretend	a,n,v	
pretty	a	
price	n,v	
prime	a,n,v	
prince	n	
printer	n	
prism	n	
private	a,n	
prize	a,n,v	
process	n,v	
prodigy	n	
product	n	
profile	n,v	
program	n,v	
project	n,v	
promise	n,v	
promo	p	
prosper	v	
protect	v	
proton	n	
provide	v	
proxy	n	
public	a,n	
pulse	n,v	
puma	n	
pump	n,v	
pupil	n	
puzzle	n,v	
pyramid	n,v	
pyrite	n	minerals
python	n	
quality	a,n	
quandary	n	mountains
quarter	n,v	
quartz	n	minerals
queen	n,v	
quest	n,v	
quick	a,n	
quiet	a,n,v	
quiz	n,v	
quota	n	
rabbit	n,v	
race	n,v	
rachel	n	
radar	n	
radical	a,n	
radio	a,n,v	
radius	n	
rainbow	n	
rainier	a	mountains
raja	n	
ralph	p	
ramirez	p	
random	a	
ranger	n	
rapid	a,n	
ravioli	n	
raymond	p	
rebel	n,v	
record	n,v	
recycle	v	
reflex	a,n	
reform	n,v	
regard	n,v	
region	n	
regular	a,n	
relax	v	
remark	n,v	
remote	a,n	
rent	n,v	
repair	n,v	
reply	n,v	
report	n,v	
reptile	n	
respect	n,v	
respond	v	
result	n,v	
resume	n,v	
reverse	a,n,v	
reward	n,v	
rhea	n	moons
rhino	n	
ribbon	n	
ricardo	n	
richard	p	
rider	n	
right	a,n,v	
ringo	p	
rio	n	rivers
risk	n,v	
ritual	a,n	
rival	n,v	
river	n	
riviera	n	
road	n	
robert	n	
robin	n	
robot	n	
rocket	n,v	
rodent	n	
rodeo	n	
roger	p	
roman	a,n	
romeo	n	
rondo	n	
rose	a,n,v	
round	a,n,v	
rover	n	
royal	a,n	
rubber	a,n,v	
ruby	a,n	
rudolf	p	
rufus	p	
russian	a,n	
sabine	a,n	rivers
sabrina	p	
saddle	n,v	
safari	n	
saga	n	
sahara	n	deserts
sahel	p	deserts
sailor	n	
saint	n,v	
salad	n	
salami	n	
salary	n	
salmon	a,n	
salon	n	
salsa	n	
salt	a,n,v	
salute	n,v	
samba	n,v	
sample	n,v	
samuel	n	
sandra	p	
sanibel	p	islands
santana	p	
sardine	n	
saturn	n	
savage	a,n,v	
scale	n,v	
scarlet	a,n	
scholar	n	
school	n,v	
scoop	n,v	
scorpio	n	
scratch	n,v	
screen	n,v	
script	n,v	
scroll	n,v	
scuba	n	
season	n,v	
second	a,n,v	
secret	a,n	
section	n,v	
sector	n	
secure	a,v	
sedona	p	canyons
segment	n,v	
select	a,v	
seminar	n	
senator	n	
senior	a,n	
sensor	n	
serial	a,n	
serpent	n	
service	n,v	
shadow	n,v	
shake	n,v	
shallow	a,n,v	
shampoo	n,v	
shannon	n	
sharon	p	
sharp	a,n	
shasta	n	mountains
shave	n,v	
shelf	n	
shelter	n,v	
sheriff	n	
sherman	n	
shine	n,v	
ship	n,v	
shirt	n,v	
shock	n,v	
shoe	n,v	
short	a,n,v	
shrink	n,v	
side	a,n,v	
sierra	n	mountains
sigma	n	
signal	a,n,v	
silence	n,v	
silicon	n	minerals
silk	n	
silver	a,n,v	
similar	a	
simon	n	
simple	a,n	
sinatra	n	
sincere	a	
single	a,n,v	
siren	n	
sister	n	
sitka	n	islands
size	a,n,v	
skadi	p	norse
ski	n,v	
slalom	n,v	
slang	n,v	
sleep	n,v	
slogan	n	
slow	a,v	
small	a,n	
smart	a,n,v	
smile	n,v	
smoke	n,v	
snake	n,v	rivers
snow	n,v	
social	a,n	
society	n	
soda	n	
sofia	n	
solar	a	
solid	a,n	
solo	a,n,v	
sonar	n	
sonata	n	
song	n	
sonic	a	
sonora	n	passes
sonoran	p	deserts
soprano	a,n	
sound	a,n,v	
source	n,v	
south	a,n	
soviet	a,n	
spain	n	
spark	n,v	
sparrow	n	raptors
sparta	n	
special	a,n	
speech	n	
speed	n,v	
spell	n,v	
spend	v	
sphere	n	
spider	n	
spiral	a,n,v	
spirit	n,v	
split	a,n,v	
sponsor	n,v	
spoon	n,v	
sport	n,v	
spray	n,v	
spring	n,v	
square	a,n,v	
stadium	n	
stage	n,v	
stamp	n,v	
stand	n,v	
star	a,n,v	
state	n,v	
static	a,n	
status	n	
stella	n	
stereo	a,n	
stick	n,v	
sting	n,v	
stock	a,n,v	
stone	a,n,v	
stop	n,v	
store	n,v	
storm	n,v	
story	n	
strange	a	
street	n	
stretch	a,n,v	
strong	a	
stuart	n	
student	n	
studio	n	
style	n,v	
subject	a,n,v	
subway	n	
sugar	n,v	
sulfur	n,v	minerals
sultan	n	
summer	n,v	
sunday	n	
sunset	a,n	
super	a,n	
support	n,v	
supreme	a	
survive	v	
susan	p	
sushi	n	
suzuki	p	
sweden	n	
sweet	a,n	
swim	n,v	
swing	n,v	
switch	n,v	
symbol	n	
system	n	
tabernas	p	deserts
table	n,v	
taboo	a,n,v	
tactic	n	
tahiti	n	islands
talc	n,v	minerals
talent	n	
tanami	p	deserts
tango	n,v	
tape	n,v	
target	n,v	
tarzan	n	
tavern	n	
taxi	n,v	
teacher	n	
telecom	n	
telex	n,v	
temple	n	
tempo	n	
tennis	n	
teton	n	passes
texas	n	
textile	a,n	
theory	n	
thermos	n	
think	n,v	
thomas	n	
thor	n	norse
tibet	n	
ticket	n,v	
tictac	n	
tiger	n	
time	n,v	
tina	p	
tioga	p	passes
titan	n	moons
titanic	a	
toast	n,v	
tobacco	n	
today	n	
toga	n	
tokyo	n	
tomato	n	
tommy	p	
tonight	n	
tonto	p	canyons
topaz	n	minerals
topic	n	
torch	n,v	
tornado	n	
toronto	n	
torpedo	n,v	
torso	n	
total	a,n,v	
totem	n	
touch	n,v	
tourist	n	
tower	n,v	
toyota	n	
tractor	n	
trade	n,v	
traffic	n,v	
transit	n,v	
trapeze	n	
travel	n,v	
tribal	a	
tribune	n	
trick	n,v	
trident	n	
trilogy	n	
trinity	n	rivers
tripod	n	
triton	n	moons
trivial	a	
tropic	a,n	
truck	n,v	
trumpet	n,v	
trust	n,v	
tulip	n	
tuna	n	
tunnel	n,v	
turbo	p	
turtle	n,v	
twin	a,n,v	
twist	n,v	
type	n,v	
tyr	n	norse
ultra	a	
unalaska	p	islands
uncle	n	
under	a	
unicorn	n	
uniform	a,n,v	
union	a,n	
unique	a	
unit	n	
update	n,v	
uranium	n	
urban	a	
urgent	a	
user	n	
vacuum	n,v	
vail	p	passes
valery	p	
vali	n	norse
valid	a	
value	n,v	
vampire	n	
vanilla	a,n	
vatican	n	
vega	n	
velvet	a,n	
vendor	n	
venice	n	
ventura	p	
venus	n	
verde	p	canyons
verona	n	
version	n	
vertigo	n	
veteran	a,n	
vibrate	v	
victor	n	
vidar	n	norse
video	n	
vienna	n	
viking	n	norse
village	n	
vincent	p	
violet	a,n	
violin	n	
virgo	n	
virtual	a	
virus	n	
visa	n,v	
visible	a	
vision	n	
visitor	n	
vista	n	
visual	a	
vital	a	
vitamin	n	
viva	n	
vizcaino	n	deserts
vocal	a,n	
vodka	n	
voice	n,v	
volcano	n	
voltage	n	
volume	n	
voodoo	n,v	
vortex	n	
voyage	n,v	
vulture	n	raptors
waiter	n	
walnut	n	canyons
warning	a,n,v	
watch	n,v	
water	n,v	
wave	n,v	
weather	a,n,v	
wedding	n,v	
weekend	n,v	
welcome	a,n,v	
western	a,n	
wheel	n,v	
whiskey	n	
whitney	n	mountains
william	p	
window	n	
winter	n,v	
wisdom	n	
wizard	a,n	
wolf	n,v	passes
wonder	n,v	
world	a,n	
xray	p	
yankee	a,n	
year	n	
yellow	a,n,v	
yes	n	
yoga	n	
yogurt	n	
young	a,n	
yoyo	p	
yukon	n	rivers
zebra	n	
zero	a,n,v	
zigzag	a,n,v	
zion	n	canyons
zipper	n,v	
zircon	n	minerals
zodiac	n	
zoom	n,v	
